{
  "GetAll" : {
    "transaction" : "GetAll",
    "sampleCount" : 1500,
    "errorCount" : 1500,
    "errorPct" : 100.0,
    "meanResTime" : 0.5306666666666672,
    "medianResTime" : 0.0,
    "minResTime" : 0.0,
    "maxResTime" : 25.0,
    "pct1ResTime" : 1.0,
    "pct2ResTime" : 1.0,
    "pct3ResTime" : 1.0,
    "throughput" : 1740.139211136891,
    "receivedKBytesPerSec" : 652.5522041763342,
    "sentKBytesPerSec" : 198.8244997099768
  },
  "Total" : {
    "transaction" : "Total",
    "sampleCount" : 1500,
    "errorCount" : 1500,
    "errorPct" : 100.0,
    "meanResTime" : 0.5306666666666672,
    "medianResTime" : 0.0,
    "minResTime" : 0.0,
    "maxResTime" : 25.0,
    "pct1ResTime" : 1.0,
    "pct2ResTime" : 1.0,
    "pct3ResTime" : 1.0,
    "throughput" : 1740.139211136891,
    "receivedKBytesPerSec" : 652.5522041763342,
    "sentKBytesPerSec" : 198.8244997099768
  }
}